name,email
Aang,a123@duke.edu
Appa,yip-yip-appa@duke.edu
Bumi,ok-bumi@duke.edu
Soka,sk123@duke.edu
Katara,katara-water@duke.edu
Suki,suki123@duke.edu
Zuko,zuko123@duke.edu
Momo,momo123@duke.edu
Uncle Iroh,uncle-iroh123@duke.edu
Azula,azula123@duke.edu
Mai,mai123@duke.edu
Ty Lee,tylee123@duke.edu
Toph Beifong,the-blind-bandit@duke.edu